title,site,keyword,publish_date,status,schema
What Happens at a Police Station Interview?,policestationagent.com,police station interview UK,2026-06-10,draft,Article
Should I Answer Questions or Go No Comment in a Police Interview?,policestationagent.com,no comment police interview,2026-06-12,draft,Article
Voluntary Police Interview: Why You Still Need Legal Advice,policestationagent.com,voluntary police interview,2026-06-14,draft,Article
Police Bail Conditions: What They Mean and What to Do,policestationagent.com,police bail conditions,2026-06-16,draft,Article
Released Under Investigation: Practical Guidance,policestationagent.com,released under investigation,2026-06-18,draft,Article
Why Criminal Defence Firms Use Freelance Police Station Agents,policestationagent.com,freelance police station agent,2026-06-20,draft,Article
Police Station Cover in Kent: What Solicitors Need to Know,policestationagent.com,police station cover Kent,2026-06-22,draft,Article
What to Send When Instructing a Police Station Representative,policestationagent.com,instruct police station rep,2026-06-24,draft,Article
Custody Record Numbers and DSCC References Explained,policestationagent.com,DSCC reference custody,2026-06-26,draft,Article
How Police Station Legal Advice Works Out of Hours,policestationagent.com,out of hours police station solicitor,2026-06-28,draft,Article
How to Become a Police Station Representative,psrtrain.com,become police station rep,2026-06-30,draft,Article
PACE Interview Basics for New Police Station Reps,psrtrain.com,PACE interview training,2026-07-02,draft,Article
Understanding the Police Caution,psrtrain.com,police caution explained,2026-07-04,draft,Article
Advising on a No Comment Interview,psrtrain.com,no comment interview advice,2026-07-06,draft,Article
Youth Suspects at the Police Station,psrtrain.com,youth suspect police station,2026-07-08,draft,Article
Vulnerable Suspects and Police Interviews,psrtrain.com,vulnerable suspect interview,2026-07-10,draft,Article
Police Station Accreditation: Practical Preparation,psrtrain.com,PSRAS accreditation,2026-07-12,draft,Article
Common Mistakes New Police Station Reps Make,psrtrain.com,new police station rep mistakes,2026-07-14,draft,Article
How to Structure Police Station Advice,psrtrain.com,police station advice structure,2026-07-16,draft,Article
SQE Criminal Practice: Police Station Interview Basics,psrtrain.com,SQE criminal practice police station,2026-07-18,draft,Article
How to Write a Proper Police Station Attendance Note,custodynote.com,police station attendance note,2026-07-20,draft,Article
What Should Go in a Custody Note?,custodynote.com,custody note contents,2026-07-22,draft,Article
Police Interview Note-Taking: Practical Checklist,custodynote.com,police interview notes,2026-07-24,draft,Article
DSCC References, Custody Records and Attendance Notes,custodynote.com,DSCC attendance note,2026-07-26,draft,Article
Police Bail Notes: What to Record,custodynote.com,police bail notes,2026-07-28,draft,Article
RUI Notes: What Criminal Practitioners Should Keep,custodynote.com,RUI notes criminal,2026-07-30,draft,Article
Why Good Attendance Notes Matter in Criminal Defence,custodynote.com,attendance notes criminal defence,2026-08-01,draft,Article
AI-Assisted Custody Notes: Benefits and Limits,custodynote.com,AI custody notes,2026-08-03,draft,Article
Police Station File Preparation Checklist,custodynote.com,police station file preparation,2026-08-05,draft,Article
Attendance Note Template for Police Station Representatives,custodynote.com,attendance note template,2026-08-07,draft,Article
police-station-rep-coverage-location-matters,policestationrepuk.org,police station rep directory,2026-06-09,published-in-repo,BlogPosting
keep-directory-profile-useful,policestationrepuk.org,police station rep directory,2026-06-09,published-in-repo,BlogPosting
accredited-reps-keep-availability-updated,policestationrepuk.org,police station rep directory,2026-06-09,published-in-repo,BlogPosting
